,precision,recall,f1-score,support
Elliptical,0.7142857142857143,1.0,0.8333333333333334,30.0
Lenticular,0.8695652173913043,0.6666666666666666,0.7547169811320755,30.0
Spiral,0.96,0.8,0.8727272727272727,30.0
accuracy,0.8222222222222222,0.8222222222222222,0.8222222222222222,0.8222222222222222
macro avg,0.8479503105590062,0.8222222222222223,0.8202591957308938,90.0
weighted avg,0.8479503105590062,0.8222222222222222,0.8202591957308938,90.0
